EMPLOYEE_ID,FIRST_NAME,LAST_NAME,EMAIL,PHONE_NUMBER,HIRE_DATE,JOB_ID,SALARY,COMMISSION_PCT,MANAGER_ID,DEPARTMENT_ID,FULL_NAME
101,John,Doe,johndoe@email.com,1234567890,2019-01-15,IT_PROG,60000.0,0.1,100.0,60,John Doe
102,Jane,,jane@email.com,,2018-05-30,HR_REP,65000.0,,101.0,80,Jane 
103,Mike,Smith,mike@email.com,9876543210,2017-08-10,IT_PROG,,0.15,100.0,60,Mike Smith
104,Mary,Johnson,,4567891230,2019-07-01,IT_PROG,62000.0,,100.0,60,Mary Johnson
106,David,Brown,david@email.com,2345678901,2020-03-20,FIN_ANALYST,55000.0,0.1,102.0,100,David Brown
107,Anna,Davis,,1112223333,2020-01-02,FIN_ANALYST,,0.15,,100,Anna Davis
